Fund Name,P1,P2,P3,P4,P5,Topsis Score,Rank
M1,0.67,6.5,42.6,12.56,20.58,0.19691372327812715,7
M2,0.6,3.6,53.3,14.47,40.83,0.38630526370156487,5
M3,0.82,3.8,63.1,17.1,30.07,0.2953947583051916,6
M4,0.36,3.5,18.42,69.2,50.22,0.6054973827463097,3
M5,0.76,4.8,43.0,12.29,10.41,0.11235349299262636,8
M6,0.69,6.5,48.7,14.12,80.51,0.6724209985364272,1
M7,0.79,4.8,59.2,16.35,70.74,0.6355603124546372,2
M8,0.84,6.5,34.5,10.64,60.33,0.5385821989610254,4
